aplus,country_of_origin,description,item_height,item_height_unit,item_length,item_length_unit,item_width,item_width_unit,product_asin,product_brand,product_bullets,product_category,product_images,product_material,product_price,product_rating_count,product_stars,product_title,product_url,product_videos,product_weight
"https://images-na.ssl-images-amazon.com/images/G/01/x-locale/common/grey-pixel.gif,https://m.media-amazon.com/images/S/aplus-media-library-service-media/f63db3cb-965c-4a5d-bc10-d093f0fb491a.__CR0,0,1464,625_PT0_SX1464_V1___.jpg,https://images-na.ssl-images-amazon.com/images/G/01/x-locale/common/grey-pixel.gif,https://m.media-amazon.com/images/S/aplus-media-library-service-media/ecd6a987-26e4-4704-b60e-37590b5647d6.__CR0,0,315,145_PT0_SX315_V1___.jpg,https://images-na.ssl-images-amazon.com/images/G/01/x-locale/common/grey-pixel.gif,https://m.media-amazon.com/images/I/512mx7FVNkL.__AC_SR166,182___.jpg,https://images-na.ssl-images-amazon.com/images/G/01/x-locale/common/grey-pixel.gif,https://m.media-amazon.com/images/I/51dP5cyPhwL.__AC_SR166,182___.jpg,https://images-na.ssl-images-amazon.com/images/G/01/x-locale/common/grey-pixel.gif,https://m.media-amazon.com/images/I/51nyQubYerL.__AC_SR166,182___.jpg,https://images-na.ssl-images-amazon.com/images/G/01/x-locale/common/grey-pixel.gif,https://m.media-amazon.com/images/I/51L3oJiL88L.__AC_SR166,182___.jpg,https://images-na.ssl-images-amazon.com/images/G/01/x-locale/common/grey-pixel.gif,https://m.media-amazon.com/images/I/511EupYVZLL.__AC_SR166,182___.jpg,https://images-na.ssl-images-amazon.com/images/G/01/x-locale/common/grey-pixel.gif,https://m.media-amazon.com/images/I/51tK6O2%2BKVL.__AC_SR166,182___.jpg,https://images-na.ssl-images-amazon.com/images/G/01/x-locale/common/grey-pixel.gif,https://m.media-amazon.com/images/I/41w0lhxwIeL.__AC_SR166,182___.jpg,https://images-na.ssl-images-amazon.com/images/G/01/x-locale/common/grey-pixel.gif,https://m.media-amazon.com/images/I/41q-QSwcIFL.__AC_SR166,182___.jpg,https://images-na.ssl-images-amazon.com/images/G/01/x-locale/common/grey-pixel.gif,https://m.media-amazon.com/images/S/aplus-media-library-service-media/ba9e72e6-3b0c-40a3-b436-adf815e4ac5d.__CR0,0,362,453_PT0_SX362_V1___.jpg,https://images-na.ssl-images-amazon.com/images/G/01/x-locale/common/grey-pixel.gif,https://m.media-amazon.com/images/S/aplus-media-library-service-media/6d4f4e36-9085-4291-97b4-c304947da1fb.__CR347,159,999,1250_PT0_SX362_V1___.jpg,https://images-na.ssl-images-amazon.com/images/G/01/x-locale/common/grey-pixel.gif,https://m.media-amazon.com/images/S/aplus-media-library-service-media/8b10f2a8-11d0-4b38-8ba8-3b6e0262efa9.__CR0,0,970,600_PT0_SX970_V1___.jpg,https://images-na.ssl-images-amazon.com/images/G/01/x-locale/common/grey-pixel.gif,https://m.media-amazon.com/images/S/aplus-media-library-service-media/5d1f8437-3e39-49eb-bc74-295ef9d76adc.__CR0,0,970,600_PT0_SX970_V1___.jpg,https://images-na.ssl-images-amazon.com/images/G/01/x-locale/common/grey-pixel.gif,https://m.media-amazon.com/images/S/aplus-media-library-service-media/3da1ada6-d31f-4a6f-8052-6aa8cb875882.__CR0,0,970,600_PT0_SX970_V1___.jpg,https://images-na.ssl-images-amazon.com/images/G/01/x-locale/common/grey-pixel.gif,https://m.media-amazon.com/images/S/aplus-media-library-service-media/48609cbf-904b-411f-b200-8dc011a708cd.__CR0,0,970,600_PT0_SX970_V1___.jpg",,,,,,,,,B0BSBP5KKH,,"RESISTANCE BAND THAT ARE EASY TO USE : Made from 100% ‎Natural Rubber. Comes in 5 different resistance strength levels & Multicolor, X- Heavy, X- Light, Light, Medium and Heavy For Customized Workout These Loops Bands Are suitable for beginner or a seasoned workout sportsman. Also These Bands Can Be Used Combined Also As Well As Solo Also.,TAKE YOUR WORKOUTS TO THE NEXT LEVEL: Whether you are a beginner or expert, loop bands have a place in your home gym. Resistance bands work your muscles like weights do – your muscles contract to generate force to stabilize and control the desired. You Can Do Multiple Workouts Using These Rubber Bands Men Women Boys Girls Anyone Can Use These Mini Loop Bands,MULTIFUNCTIONAL: The resistance band set can be used to exercise all parts of muscles such as arms, chest, abdomen, glutes and legs, also good for Physical Therapy, Recovery or to increase Mobility. Thease Bands Can Be Used For Both Heavy & Light Workout These Bands Are Lightweight, Portable & Made From The Natural Latex So They Are Very Soft You Can Use Higher Weight Bands For Maximum Tension. These Stretching Bands Can Be Used,EFFICIENT WORKOUT: Loop Resistance Bands increase the effectiveness of your exercises. Used for a range of workouts, from glute and hip activation, strength techniques to integrate seamlessly with every workout program such as Yoga, Pilates,etc. Using These Speed Bands / Theraloop Tubes You Can Do A Quick Exercise,MADE FROM: 100% natural and high-quality, soft & durable Rubber and lightweight and portable.Set of 5 pics exercise and mini resistance loop bands.","Sports, Fitness & Outdoors,Exercise & Fitness,Strength Training Equipment,Resistance Bands","https://m.media-amazon.com/images/I/51nyQubYerL.jpg,https://m.media-amazon.com/images/I/51mRdtwWiuL.jpg,https://m.media-amazon.com/images/I/51BtFONAu6L.jpg,https://m.media-amazon.com/images/I/41xjoUo9GhL.jpg,https://m.media-amazon.com/images/I/514jYTwE2DL.jpg,https://m.media-amazon.com/images/I/41AETWrxVAL.jpg,https://m.media-amazon.com/images/I/51aT3pbLizL.jpg",,499,"4,322 global ratings",4.1,"Strauss Exercise Latex Resistance Bands, (Set of 5)",https://www.amazon.in/Strauss-Exercise-Resistance-Bands-Multicolor/dp/B0BSBP5KKH,,
"https://images-na.ssl-images-amazon.com/images/G/01/x-locale/common/grey-pixel.gif,https://m.media-amazon.com/images/S/aplus-media-library-service-media/9eb976cc-496c-4b7a-9844-13fba25bbc4b.__CR0,0,1500,1500_PT0_SX300_V1___.jpg,https://images-na.ssl-images-amazon.com/images/G/01/x-locale/common/grey-pixel.gif,https://m.media-amazon.com/images/S/aplus-media-library-service-media/fff9e9cf-8ab3-481f-b1da-43542b24efa0.__CR0,0,970,600_PT0_SX970_V1___.jpg,https://images-na.ssl-images-amazon.com/images/G/01/x-locale/common/grey-pixel.gif,https://m.media-amazon.com/images/S/aplus-media-library-service-media/b5e9acb9-eb6d-47f7-a19f-fcad08c1ee56.__CR0,0,1200,1600_PT0_SX300_V1___.jpg,https://images-na.ssl-images-amazon.com/images/G/01/x-locale/common/grey-pixel.gif,https://m.media-amazon.com/images/S/aplus-media/vc/4cc9bf6d-95c3-4da9-855f-4bd63a343054.__CR0,0,1200,600_PT0_SX350_V1___.jpg,https://images-na.ssl-images-amazon.com/images/G/01/x-locale/common/grey-pixel.gif,https://m.media-amazon.com/images/S/aplus-media/vc/769c6b92-fdc3-4c47-ab7b-ddd3c8c95e14.__CR0,0,1500,1500_PT0_SX300_V1___.jpg,https://images-na.ssl-images-amazon.com/images/G/01/x-locale/common/grey-pixel.gif,https://m.media-amazon.com/images/S/aplus-media/vc/db76c853-aa3a-4d9f-8c74-435fd03ae62b.__CR0,0,1500,1500_PT0_SX300_V1___.jpg,https://images-na.ssl-images-amazon.com/images/G/01/x-locale/common/grey-pixel.gif,https://m.media-amazon.com/images/S/aplus-media/vc/6884cb3b-8a45-424b-ba2e-12b2e8bf3d93.__CR0,0,1500,1500_PT0_SX300_V1___.jpg,https://m.media-amazon.com/images/S/aplus-media/vc/0b0643ee-5001-41f4-9340-e32078c6f7c2.__CR45,91,908,1816_PT0_SX150_V1___.jpg,https://m.media-amazon.com/images/S/aplus-media/vc/272c1ba8-91ce-46c3-9275-205dec9ccadf.__CR0,1,999,1998_PT0_SX150_V1___.jpg,https://m.media-amazon.com/images/S/aplus-media/vc/e9b0e0ea-0e7a-4b2e-80b0-0d2f3b589d6e.__CR0,1,999,1998_PT0_SX150_V1___.jpg,https://m.media-amazon.com/images/S/aplus-media/vc/cc7aa2d2-7be7-47eb-ac19-795b0dccf95d.__CR0,1,999,1998_PT0_SX150_V1___.jpg",,,,,,,,,B0BMTQMDPB,,"FOAM ROLLERS FOR MUSCLES: Strauss Foam Roller Is Great for Physical Therapy, Before or After Exercise, Yoga, And Massage Therapy. The Texture Roller Helps to Relieve Muscles Tension and Increase Muscle Reflexology.,MULTIFUNTIONAL: Recover from sports injury and chronic pain, our reflexology tool alleviates various issues like plantar fasciitis, shin splints, runner’s legs & tennis elbow. The dotted pattern provides a non-slip traction surface and penetrates into the soft tissue, releasing knots, and increasing blood flow at the point of the massages.,HIGH QUALITY & DURABLE: This muscle gym roller for beginners or athletes is made of EVA foam which is high-density & resists bending or breaking under tension or weight, providing a firm, deep tissue massage that can be utilized for long-term therapy.,COMFORTABLE & LIGHTWEIGHT: The Strauss dotted EVA foam roller is a uniquely soft massager that conforms gently to your body contours, but still offers medium resistance for amazing performance. Our lightweight fitness roller is easy to travel with due to its weight and sturdiness.,FOR EVERYONE: Loved by runners, cross-fit athletes, yoga and Pilates, swimmers, physical or sports therapy patients, and those just doing a normal fitness workout. Great for the arch of the foot, or any part of the body.",,"https://m.media-amazon.com/images/I/418Zm2GaDYL.jpg,https://m.media-amazon.com/images/I/51BtFONAu6L.jpg,https://m.media-amazon.com/images/I/51fwtMX3IpL.jpg,https://m.media-amazon.com/images/I/51nz+S23oOL.jpg,https://m.media-amazon.com/images/I/51dWaT7CngL.jpg,https://m.media-amazon.com/images/I/518CLKhJhDL.jpg,https://m.media-amazon.com/images/I/510VLQih0tL.jpg",,,"2,827 global ratings",4.2,"Strauss Foam Roller for Back and Body Pain|High Density Foam Roller for Exercise in Gym, Home|Back Roller for Muscle Recovery Massage Roller for Stretching, 30 to 45cm, (Multicolor)",https://www.amazon.in/Strauss-Exercise-Recovery-Stretching-Multicolor/dp/B0BMTQMDPB,,
"https://images-na.ssl-images-amazon.com/images/G/01/x-locale/common/grey-pixel.gif,https://m.media-amazon.com/images/S/aplus-media-library-service-media/7625b705-bc8e-4bb6-9483-e0feba3b0aea.__CR0,0,1500,1500_PT0_SX300_V1___.jpg,https://images-na.ssl-images-amazon.com/images/G/01/x-locale/common/grey-pixel.gif,https://m.media-amazon.com/images/S/aplus-media-library-service-media/0e0c605a-9927-45c7-90c2-0fdf7529378a.__CR0,0,970,300_PT0_SX970_V1___.jpg,https://images-na.ssl-images-amazon.com/images/G/01/x-locale/common/grey-pixel.gif,https://m.media-amazon.com/images/S/aplus-media-library-service-media/e3fee42b-e693-450e-b06c-c14a970c3ff4.__CR0,0,970,600_PT0_SX970_V1___.jpg,https://images-na.ssl-images-amazon.com/images/G/01/x-locale/common/grey-pixel.gif,https://m.media-amazon.com/images/S/aplus-media/vc/41e9c6fa-5154-4c2f-8fdf-12abb1f8f61a.__CR0,0,800,800_PT0_SX300_V1___.jpg,https://images-na.ssl-images-amazon.com/images/G/01/x-locale/common/grey-pixel.gif,https://m.media-amazon.com/images/S/aplus-media/vc/3abee5a0-1a30-4edc-b6b5-1292faf89797.__CR0,0,800,800_PT0_SX300_V1___.jpg,https://images-na.ssl-images-amazon.com/images/G/01/x-locale/common/grey-pixel.gif,https://m.media-amazon.com/images/S/aplus-media/vc/9184caf0-0485-4c3e-a3bd-2fa5575f1c78.__CR0,0,300,300_PT0_SX300_V1___.jpg,https://images-na.ssl-images-amazon.com/images/G/01/x-locale/common/grey-pixel.gif,https://m.media-amazon.com/images/S/aplus-media-library-service-media/8dca9825-82b5-4eb7-b7a3-c8d5ecbf960f.__CR0,0,970,600_PT0_SX970_V1___.jpg",,,,,,,,,B08BTQDHB4,,"SMART SIPPER BOTTLE - Strauss Gym Shaker Comes With Extra Storage Compartment For Carrying Protein Powder, BCAA, Pre & Post Workout To The Gym & Outdoor. It Is 500ml Shaker Which Will Shake Your Protein Perfectly.,LEAK PROOF & DRIPS PROOF - Ultra Tight Screw On Lid, Anti-leak Tested And Proven, Lockable Flip Top, Stays Open If Needed, Easy To Read Measuring, All These Things Makes This Protein Shake Bottle Leak Proof & Drips Proof.,DURABLE GYM SHAKER BOTTLE - Strauss Mix Protien Shaker Made From quality material Which Makes It Durable. This Shaker Will Not Break Easily After Falling From The Ground.,BETTER BODY ABSORPTION - Strauss spider shaker mixer works like a Blending blade, shake to create a fresh Blend and more consistent Blend, meaning faster and better body absorption,MADE FOR YOU - Strauss Smart Sports Shaker For Protein Shake Blender Comes With Leak Proof Cap, Rounded Corners For Easy Cleaning, Adjustable Carry Loop, Bpa Free Material.","Health & Personal Care,Diet & Nutrition,Sports Supplements,Supplements Shakers","https://m.media-amazon.com/images/I/310XwRaGRaL.jpg,https://m.media-amazon.com/images/I/31nU1mkv+rL.jpg,https://m.media-amazon.com/images/I/51BtFONAu6L.jpg,https://m.media-amazon.com/images/I/51ySesknpRL.jpg,https://m.media-amazon.com/images/I/51br6gNSw3L.jpg,https://m.media-amazon.com/images/I/51EfMFVIReL.jpg,https://m.media-amazon.com/images/I/51J4++8yuRL.jpg",,263,"4,133 global ratings",4.1,"Strauss Spider Shaker Bottle 500ml For BCAA & Pre-Post Workout Supplement Protein Shake Gym Sipper Bottle|Gym Bottle for Protein Shake/Sipper Bottle For Men & Women, BPA Free with Storage Compartment, (Multicolor)",https://www.amazon.in/Strauss-Spider-Shaker-Bottle-500ml/dp/B08BTQDHB4,,
"https://images-na.ssl-images-amazon.com/images/G/01/x-locale/common/grey-pixel.gif,https://m.media-amazon.com/images/S/aplus-media-library-service-media/8288543a-4044-433e-9714-75f882d68e81.__CR0,0,970,600_PT0_SX970_V1___.jpg,https://images-na.ssl-images-amazon.com/images/G/01/x-locale/common/grey-pixel.gif,https://m.media-amazon.com/images/S/aplus-media-library-service-media/3fc53c9c-a1dd-47df-a88b-7c4bbcf72500.__CR0,0,970,600_PT0_SX970_V1___.jpg,https://images-na.ssl-images-amazon.com/images/G/01/x-locale/common/grey-pixel.gif,https://m.media-amazon.com/images/S/aplus-media-library-service-media/2febbdb9-72ed-4a6c-929a-7a0921e3c5ab.__CR0,0,300,300_PT0_SX300_V1___.jpg,https://images-na.ssl-images-amazon.com/images/G/01/x-locale/common/grey-pixel.gif,https://m.media-amazon.com/images/S/aplus-media-library-service-media/aa4205f8-e73e-4732-a193-7c5db85dc58b.__CR0,0,300,300_PT0_SX300_V1___.jpg,https://images-na.ssl-images-amazon.com/images/G/01/x-locale/common/grey-pixel.gif,https://m.media-amazon.com/images/S/aplus-media-library-service-media/9269a532-dbdb-47ef-af04-45003fd96792.__CR0,0,300,300_PT0_SX300_V1___.jpg,https://images-na.ssl-images-amazon.com/images/G/01/x-locale/common/grey-pixel.gif,https://m.media-amazon.com/images/S/aplus-media-library-service-media/60eff057-2b80-48f9-b236-143057b7939a.__CR0,0,970,600_PT0_SX970_V1___.jpg,https://images-na.ssl-images-amazon.com/images/G/01/x-locale/common/grey-pixel.gif,https://m.media-amazon.com/images/S/aplus-media-library-service-media/99235816-e91c-4c1f-8b44-78059ee781fe.__CR0,0,1464,625_PT0_SX1464_V1___.jpg,https://images-na.ssl-images-amazon.com/images/G/01/x-locale/common/grey-pixel.gif,https://m.media-amazon.com/images/S/aplus-media-library-service-media/ecd6a987-26e4-4704-b60e-37590b5647d6.__CR0,0,315,145_PT0_SX315_V1___.jpg,https://images-na.ssl-images-amazon.com/images/G/01/x-locale/common/grey-pixel.gif,https://m.media-amazon.com/images/I/41sj7SOwmrL.__AC_SR166,182___.jpg,https://images-na.ssl-images-amazon.com/images/G/01/x-locale/common/grey-pixel.gif,https://m.media-amazon.com/images/I/51DmgGQ0xHL.__AC_SR166,182___.jpg,https://images-na.ssl-images-amazon.com/images/G/01/x-locale/common/grey-pixel.gif,https://m.media-amazon.com/images/I/51Pot0IECsL.__AC_SR166,182___.jpg,https://images-na.ssl-images-amazon.com/images/G/01/x-locale/common/grey-pixel.gif,https://m.media-amazon.com/images/I/518L4tGd6BL.__AC_SR166,182___.jpg,https://images-na.ssl-images-amazon.com/images/G/01/x-locale/common/grey-pixel.gif,https://m.media-amazon.com/images/I/511EupYVZLL.__AC_SR166,182___.jpg,https://images-na.ssl-images-amazon.com/images/G/01/x-locale/common/grey-pixel.gif,https://m.media-amazon.com/images/I/51tK6O2%2BKVL.__AC_SR166,182___.jpg,https://images-na.ssl-images-amazon.com/images/G/01/x-locale/common/grey-pixel.gif,https://m.media-amazon.com/images/I/41w0lhxwIeL.__AC_SR166,182___.jpg,https://images-na.ssl-images-amazon.com/images/G/01/x-locale/common/grey-pixel.gif,https://m.media-amazon.com/images/I/41q-QSwcIFL.__AC_SR166,182___.jpg,https://images-na.ssl-images-amazon.com/images/G/01/x-locale/common/grey-pixel.gif,https://m.media-amazon.com/images/S/aplus-media-library-service-media/ba9e72e6-3b0c-40a3-b436-adf815e4ac5d.__CR0,0,362,453_PT0_SX362_V1___.jpg,https://images-na.ssl-images-amazon.com/images/G/01/x-locale/common/grey-pixel.gif,https://m.media-amazon.com/images/S/aplus-media-library-service-media/6d4f4e36-9085-4291-97b4-c304947da1fb.__CR347,159,999,1250_PT0_SX362_V1___.jpg",,,,,,,,,B09VDMS8P7,,"Opening relieves pressure on patella Open patella (kneecap opening) for proper flexion of the knee joint,Made of stretchable fabric for compression and comfort This Knee support comes with oval pad for extra protection at knee joint.,Neoprene material helps retain body heat to warm knee joint and aids blood circulation,Overstitched edge for secure fastening Helps relieve muscle aches, strain and sprain,Fits right and left knee Ideal for better gripping.Size Fits From 21.29 - 50.8 CM (11.5 - 20 inches) .","Health & Personal Care,Home Medical Supplies & Equipment,Braces, Splints & Supports,Knee & Leg Braces","https://m.media-amazon.com/images/I/415G48Dy0BL.jpg,https://m.media-amazon.com/images/I/51Z4yMtwmlL.jpg,https://m.media-amazon.com/images/I/51k3DkywfsL.jpg,https://m.media-amazon.com/images/I/51z09W5Q8nL.jpg,https://m.media-amazon.com/images/I/51wLUOSyfSL.jpg,https://m.media-amazon.com/images/I/51vIA-qx-YL.jpg,https://m.media-amazon.com/images/I/51RM0PrwDNL.jpg",,,"5,070 global ratings",3.8,"Strauss Adjustable Knee Support Patella|knee support for men and women|knee cap|Knee brace|Knee Guard |Knee Cap|Knee pain relief |Knee belt|Pair/Single, (Multicolor)",https://www.amazon.in/Strauss-Adjustable-Support-Patella-support/dp/B09VDMS8P7,,
"https://images-na.ssl-images-amazon.com/images/G/01/x-locale/common/grey-pixel.gif,https://m.media-amazon.com/images/S/aplus-media-library-service-media/9eb976cc-496c-4b7a-9844-13fba25bbc4b.__CR0,0,1500,1500_PT0_SX300_V1___.jpg,https://images-na.ssl-images-amazon.com/images/G/01/x-locale/common/grey-pixel.gif,https://m.media-amazon.com/images/S/aplus-media-library-service-media/9743bcc1-5295-48f9-a390-526273b9dee6.__CR0,0,970,600_PT0_SX970_V1___.jpg,https://images-na.ssl-images-amazon.com/images/G/01/x-locale/common/grey-pixel.gif,https://m.media-amazon.com/images/S/aplus-media/vc/e20c8952-820f-44fd-b569-1fa7df2fe291.__CR0,0,1200,1600_PT0_SX300_V1___.jpg,https://images-na.ssl-images-amazon.com/images/G/01/x-locale/common/grey-pixel.gif,https://m.media-amazon.com/images/S/aplus-media/vc/bc6fa590-1dab-4f3f-8b1b-cd8281f2941c.__CR0,0,1200,600_PT0_SX350_V1___.jpg,https://images-na.ssl-images-amazon.com/images/G/01/x-locale/common/grey-pixel.gif,https://m.media-amazon.com/images/S/aplus-media/vc/fa2153e3-6031-485b-8475-3679703d2f56.__CR0,0,800,800_PT0_SX300_V1___.jpg,https://images-na.ssl-images-amazon.com/images/G/01/x-locale/common/grey-pixel.gif,https://m.media-amazon.com/images/S/aplus-media/vc/71e1dd82-873d-4fb7-961a-fd5563d5b46c.__CR0,0,800,800_PT0_SX300_V1___.jpg,https://images-na.ssl-images-amazon.com/images/G/01/x-locale/common/grey-pixel.gif,https://m.media-amazon.com/images/S/aplus-media/vc/6b1ede95-731d-476b-a89f-c153468bb211.__CR0,0,800,800_PT0_SX300_V1___.jpg,https://images-na.ssl-images-amazon.com/images/G/01/x-locale/common/grey-pixel.gif,https://m.media-amazon.com/images/S/aplus-media-library-service-media/8a9eb629-8100-4594-a86c-bebd35853be4.__CR0,0,970,600_PT0_SX970_V1___.jpg",,,,,,,,,B0BDLKMYT9,,"DOUBLE PROTECTION - Our wrist straps protect and stabilize your wrist. Perfect for working out, tennis, gym, golf, and sports.,REDUCT WRIST PAIN - The wrist braces are designed to relieve wrist pain with gentle compression and pressure. Great use for pain relief carpal tunnel, TFCC wrist, and injured wrists.,COMFORTABLE TO WEAR - Adjustable wrist wrap is designed with neoprene-blend materials for extra support, soothing warmth, and comfort. The adjustable hook and loop closure allows for a custom fit.,ONE SIZE FITS MOST - Strauss wristband fits both left and right wrists; fits both men and women.,PACKAGE CONTENT - Pack of 1 Wrist Band","Health & Personal Care,Home Medical Supplies & Equipment,Braces, Splints & Supports,Hand & Wrist Braces","https://m.media-amazon.com/images/I/41XfrXdHzqL.jpg,https://m.media-amazon.com/images/I/618E5ai986L.jpg,https://m.media-amazon.com/images/I/51BtFONAu6L.jpg,https://m.media-amazon.com/images/I/512G1aYWTCL.jpg,https://m.media-amazon.com/images/I/51d4kJmoqeL.jpg,https://m.media-amazon.com/images/I/51l1B-6LmJL.jpg,https://m.media-amazon.com/images/I/51DjMh3RXKL.jpg",,119,"3,588 global ratings",4.0,"Strauss Wrist Support, Single (Free Size, Black)",https://www.amazon.in/Strauss-Wrist-Support-Brace-Relief/dp/B0BDLKMYT9,,
"https://images-na.ssl-images-amazon.com/images/G/01/x-locale/common/grey-pixel.gif,https://m.media-amazon.com/images/S/aplus-media-library-service-media/7625b705-bc8e-4bb6-9483-e0feba3b0aea.__CR0,0,1500,1500_PT0_SX300_V1___.jpg,https://images-na.ssl-images-amazon.com/images/G/01/x-locale/common/grey-pixel.gif,https://m.media-amazon.com/images/S/aplus-media-library-service-media/fc035131-16d0-4ba8-8b55-56b001fa33a0.__CR0,0,970,300_PT0_SX970_V1___.jpg,https://images-na.ssl-images-amazon.com/images/G/01/x-locale/common/grey-pixel.gif,https://m.media-amazon.com/images/S/aplus-media-library-service-media/411da8af-3bdd-41ed-b654-aa5ce30f6b48.__CR0,0,970,600_PT0_SX970_V1___.jpg,https://images-na.ssl-images-amazon.com/images/G/01/x-locale/common/grey-pixel.gif,https://m.media-amazon.com/images/S/aplus-media-library-service-media/04eda1fa-855f-459f-a319-fcda9af41f28.__CR0,0,300,300_PT0_SX300_V1___.jpg,https://images-na.ssl-images-amazon.com/images/G/01/x-locale/common/grey-pixel.gif,https://m.media-amazon.com/images/S/aplus-media-library-service-media/873070e7-abf6-4c0a-8c6c-7122ca2a124e.__CR0,0,300,300_PT0_SX300_V1___.jpg,https://images-na.ssl-images-amazon.com/images/G/01/x-locale/common/grey-pixel.gif,https://m.media-amazon.com/images/S/aplus-media-library-service-media/a5ecf419-e1f2-4f60-9cf1-37d080242d76.__CR0,0,300,300_PT0_SX300_V1___.jpg,https://images-na.ssl-images-amazon.com/images/G/01/x-locale/common/grey-pixel.gif,https://m.media-amazon.com/images/S/aplus-media-library-service-media/8dca9825-82b5-4eb7-b7a3-c8d5ecbf960f.__CR0,0,970,600_PT0_SX970_V1___.jpg",,,,,,,,,B0B9RVCC54,,"No Leaks, No Drips : Ultra Tight Screw On Lid, Anti-leak Tested And Proven, Lockable Flip Top, Stays Open If Needed, Easy To Read Measuring. Also It Is Compact So It Is Easy To Carry To Gym & Outdoor Than The Other Shaker Bottles Available In Market,Premium Sports And Gym Protein Shaker Bottle: Strauss Compact Shaker/ Sipper Sports And Gym Water Shaker Bottle Is Exclusively For Work Out Regimens That Include Supplements; Before And/or After A Work Out.,Better Body Absorption: The Compact Shaker Mixer Works Like A Blender Blade, Shake To Create A Fresh Blend And More Consistent Blend, Meaning Faster And Better Body Absorption Of Protein, Bcaa & Other Supplements Drink.,Bpa Free Sipper Bottle: 100% Bpa Free, No Toxins, No Harmful Chemicals, Very Easy To Clean, Environmentally Friendly; Ultimate Pro Work Out Supplement Bottle And Dish Washer Safe.,Made For Gym lover's : Strauss Compact Shaker Comes With Leak Proof Cap With Silicone Gasket, Rounded Corners For Easy Cleaning, 760ml Capacity, 100% Leak Proff Guarantee, Bpa Free Material. It Is Made For You.","Health & Personal Care,Diet & Nutrition,Sports Supplements,Supplements Shakers","https://m.media-amazon.com/images/I/41jcLFocbHL.jpg,https://m.media-amazon.com/images/I/51I3uM4Ok+L.jpg,https://m.media-amazon.com/images/I/51BtFONAu6L.jpg,https://m.media-amazon.com/images/I/51IDnCeYhNL.jpg,https://m.media-amazon.com/images/I/41OvpH0YmIL.jpg,https://m.media-amazon.com/images/I/51oJy-nf8CL.jpg,https://m.media-amazon.com/images/I/51hhdVIXk3L.jpg",,303,"2,672 global ratings",4.1,"STRAUSS Blender Shaker Bottle 760 ml, (Black)",https://www.amazon.in/STRAUSS-Blender-Protein-Stylish-Capacity/dp/B0B9RVCC54,,
"https://images-na.ssl-images-amazon.com/images/G/01/x-locale/common/grey-pixel.gif,https://m.media-amazon.com/images/S/aplus-media-library-service-media/9eb976cc-496c-4b7a-9844-13fba25bbc4b.__CR0,0,1500,1500_PT0_SX300_V1___.jpg,https://images-na.ssl-images-amazon.com/images/G/01/x-locale/common/grey-pixel.gif,https://m.media-amazon.com/images/S/aplus-media-library-service-media/adc3535d-06b7-482e-a3b3-16a8b32aa4b3.__CR0,0,970,600_PT0_SX970_V1___.jpg,https://images-na.ssl-images-amazon.com/images/G/01/x-locale/common/grey-pixel.gif,https://m.media-amazon.com/images/S/aplus-media-library-service-media/dc5652b4-650b-4568-88fe-160bf15acdb8.__CR0,0,970,600_PT0_SX970_V1___.jpg,https://images-na.ssl-images-amazon.com/images/G/01/x-locale/common/grey-pixel.gif,https://m.media-amazon.com/images/S/aplus-media/vc/14966791-8031-4fcf-994f-62501707f585.__CR0,0,1500,1500_PT0_SX300_V1___.jpg,https://images-na.ssl-images-amazon.com/images/G/01/x-locale/common/grey-pixel.gif,https://m.media-amazon.com/images/S/aplus-media/vc/4ba6b890-cb3f-433f-84e4-ae755d1857b8.__CR0,0,1500,1500_PT0_SX300_V1___.jpg,https://images-na.ssl-images-amazon.com/images/G/01/x-locale/common/grey-pixel.gif,https://m.media-amazon.com/images/S/aplus-media/vc/0299e8aa-267c-428e-81f4-8756b87119a9.__CR0,200,1200,1200_PT0_SX300_V1___.jpg,https://images-na.ssl-images-amazon.com/images/G/01/x-locale/common/grey-pixel.gif,https://m.media-amazon.com/images/S/aplus-media-library-service-media/df2b1237-a2bb-48fc-9071-6399c441c1ec.__CR0,0,970,600_PT0_SX970_V1___.jpg",,,,,,,,,B08C22V76S,,"Multifunction Fitness Tool Versatile design of this chest exercise equipment lets you use it as a Chest Expander and Hand Gripper. You can switch between and use any of these functions effortlessly to target specific body muscles and develop a fit and healthy body.,Adjustable Design The chest expander has 5 adjustable steel springs. Remove any of them to reduce the intensity of tension or add them back to increase the tension to suit your resistance level. Pulling the handles stretches the springs and builds up resistance to strengthen and tone your abs, reduce fat around your waist, develop chest and upper body muscles, develop hands, forearms and grip.,Versatile in Use This chest expander is versatile exercise equipment for performing a whole range of exercises in a minimum space. Perform chest pulls, lateral and revere fly, shoulder presses, bicep curls and more to develop a well-toned, muscular body. The exerciser also functions as a hand gripper. Grip the inner handle and pull. It exercises your arms, wrists, fingers, forearms simultaneously.,Lightweight and Portable The chest expander is lightweight, portable and compact. 5 springs detach easily for storage and can be easily packed in bags for travel. It doesn’t add much bulk, so that you can train outdoors, in your home or gym,High Quality Materials The chest expander is made for long lasting use and durability. The steel springs are made of tough carbon steel that resist rusting and are able to withstand many years of prolonged use. The handles are easy to grip and made of wood . It is ideal for beginners or for advanced users.","Sports, Fitness & Outdoors,Exercise & Fitness,Strength Training Equipment,Strength Training Devices,Chest Expanders","https://m.media-amazon.com/images/I/41KTdRQHJrL.jpg,https://m.media-amazon.com/images/I/51BtFONAu6L.jpg,https://m.media-amazon.com/images/I/51kCO0UFS7L.jpg,https://m.media-amazon.com/images/I/514bKX4ZzaL.jpg,https://m.media-amazon.com/images/I/51KD4ja33YL.jpg,https://m.media-amazon.com/images/I/41IbgrQVIvL.jpg,https://m.media-amazon.com/images/I/51uRtsnK5tL.jpg",,379,"1,353 global ratings",4.1,Strauss Chest Expander with 5 Springs,https://www.amazon.in/STRAUSS-Strauss-Chest-Expander/dp/B08C22V76S,,
"https://images-na.ssl-images-amazon.com/images/G/01/x-locale/common/grey-pixel.gif,https://m.media-amazon.com/images/S/aplus-media-library-service-media/9eb976cc-496c-4b7a-9844-13fba25bbc4b.__CR0,0,1500,1500_PT0_SX300_V1___.jpg,https://images-na.ssl-images-amazon.com/images/G/01/x-locale/common/grey-pixel.gif,https://m.media-amazon.com/images/S/aplus-media-library-service-media/32a45f69-b6d7-4793-ba60-943e289a3003.__CR0,0,970,300_PT0_SX970_V1___.jpg,https://images-na.ssl-images-amazon.com/images/G/01/x-locale/common/grey-pixel.gif,https://m.media-amazon.com/images/S/aplus-media/vc/2b2f47da-2f4d-4d8c-be5f-2f09c53e00ba.__CR0,0,1200,1600_PT0_SX300_V1___.jpg,https://images-na.ssl-images-amazon.com/images/G/01/x-locale/common/grey-pixel.gif,https://m.media-amazon.com/images/S/aplus-media/vc/042d9257-32fb-43a3-8dc0-c753758a950c.__CR0,0,1200,600_PT0_SX350_V1___.jpg,https://images-na.ssl-images-amazon.com/images/G/01/x-locale/common/grey-pixel.gif,https://m.media-amazon.com/images/S/aplus-media/vc/361b9d0f-2f48-4152-a5d3-0c4056c210f8.__CR0,0,1500,1500_PT0_SX300_V1___.jpg,https://images-na.ssl-images-amazon.com/images/G/01/x-locale/common/grey-pixel.gif,https://m.media-amazon.com/images/S/aplus-media/vc/e0833b8d-0146-4c23-ab34-16cf32ea9705.__CR0,0,1500,1500_PT0_SX300_V1___.jpg,https://images-na.ssl-images-amazon.com/images/G/01/x-locale/common/grey-pixel.gif,https://m.media-amazon.com/images/S/aplus-media/vc/01a48a83-fcd7-4c01-9b91-b5df7592968c.__CR0,0,800,800_PT0_SX300_V1___.jpg,https://images-na.ssl-images-amazon.com/images/G/01/x-locale/common/grey-pixel.gif,https://m.media-amazon.com/images/S/aplus-media-library-service-media/022104b6-0d5c-4289-bcbb-8b4ab7aa5e86.__CR0,0,970,600_PT0_SX970_V1___.jpg",,,,,,,,,B0BH4F7Z9D,,"MATERIAL - Strauss Forearm Exerciser is made of a spring-loaded steel core, covered with a soft foam.,LIGHTWEIGHT EQUIPMENT - We made the forearm/wrist exerciser with iron and ABS plastic. It is lightweight for secure storage and convenient use as a home gym workout equipment.,SWEAT-ABSORBENT FOAM HANDLE - The handles come with a sweat-absorbent, soft foam padding, giving you a comfortable grip experience while protecting your safety,MULTI-FUNCTIONAL WORKOUT - With this multi-functional designed exerciser, you can exercise your forearm, back arm, wrists. So, this exerciser is a one stop solution for all your arm related exercises at your home gym.,ENGAGE & TONE ARM MUSCLES - Strauss arm and wrist exerciser is scientifically designed for best exercising experience of your arm, muscles and finger. This portable exerciser is light weight, easy to manage and a must for your home gym.","Sports, Fitness & Outdoors,Exercise & Fitness,Strength Training Equipment,Strength Training Devices,Wrist & Forearm Strengtheners","https://m.media-amazon.com/images/I/418OPniACqL.jpg,https://m.media-amazon.com/images/I/41Sl4gYKO0L.jpg,https://m.media-amazon.com/images/I/51BtFONAu6L.jpg,https://m.media-amazon.com/images/I/51-eOx3tqOL.jpg,https://m.media-amazon.com/images/I/51cJteUWpKL.jpg,https://m.media-amazon.com/images/I/51mCy8LdxsL.jpg,https://m.media-amazon.com/images/I/51nWz+oCKkL.jpg",,279,"2,361 global ratings",4.0,"Strauss Adjustable Wrist/Forearm Strengthener, (Black)",https://www.amazon.in/Strauss-Forearms-Exerciser-Adjustable-Workout/dp/B0BH4F7Z9D,,
"https://images-na.ssl-images-amazon.com/images/G/01/x-locale/common/grey-pixel.gif,https://m.media-amazon.com/images/S/aplus-media-library-service-media/25aa7331-74f2-4655-acc8-660aa53f2d5a.__CR0,0,1464,625_PT0_SX1464_V1___.jpg,https://images-na.ssl-images-amazon.com/images/G/01/x-locale/common/grey-pixel.gif,https://m.media-amazon.com/images/S/aplus-media-library-service-media/ecd6a987-26e4-4704-b60e-37590b5647d6.__CR0,0,315,145_PT0_SX315_V1___.jpg,https://images-na.ssl-images-amazon.com/images/G/01/x-locale/common/grey-pixel.gif,https://m.media-amazon.com/images/I/41hErsR%2BI9L.__AC_SR166,182___.jpg,https://images-na.ssl-images-amazon.com/images/G/01/x-locale/common/grey-pixel.gif,https://m.media-amazon.com/images/I/41UIHmHXeCL.__AC_SR166,182___.jpg,https://images-na.ssl-images-amazon.com/images/G/01/x-locale/common/grey-pixel.gif,https://m.media-amazon.com/images/I/41D46%2BZojfL.__AC_SR166,182___.jpg,https://images-na.ssl-images-amazon.com/images/G/01/x-locale/common/grey-pixel.gif,https://m.media-amazon.com/images/I/41SNuenjiEL.__AC_SR166,182___.jpg,https://images-na.ssl-images-amazon.com/images/G/01/x-locale/common/grey-pixel.gif,https://m.media-amazon.com/images/I/51nyQubYerL.__AC_SR166,182___.jpg,https://images-na.ssl-images-amazon.com/images/G/01/x-locale/common/grey-pixel.gif,https://m.media-amazon.com/images/I/51L3oJiL88L.__AC_SR166,182___.jpg,https://images-na.ssl-images-amazon.com/images/G/01/x-locale/common/grey-pixel.gif,https://m.media-amazon.com/images/I/41NxIVUqNRL.__AC_SR166,182___.jpg,https://images-na.ssl-images-amazon.com/images/G/01/x-locale/common/grey-pixel.gif,https://m.media-amazon.com/images/I/41c4NmC7vpL.__AC_SR166,182___.jpg,https://images-na.ssl-images-amazon.com/images/G/01/x-locale/common/grey-pixel.gif,https://m.media-amazon.com/images/S/aplus-media-library-service-media/ba9e72e6-3b0c-40a3-b436-adf815e4ac5d.__CR0,0,362,453_PT0_SX362_V1___.jpg,https://images-na.ssl-images-amazon.com/images/G/01/x-locale/common/grey-pixel.gif,https://m.media-amazon.com/images/S/aplus-media-library-service-media/6d4f4e36-9085-4291-97b4-c304947da1fb.__CR347,159,999,1250_PT0_SX362_V1___.jpg,https://images-na.ssl-images-amazon.com/images/G/01/x-locale/common/grey-pixel.gif,https://m.media-amazon.com/images/S/aplus-media-library-service-media/5d1a7207-f8db-4bc0-8c4d-8b9efd40a07d.__CR0,0,970,600_PT0_SX970_V1___.jpg,https://images-na.ssl-images-amazon.com/images/G/01/x-locale/common/grey-pixel.gif,https://m.media-amazon.com/images/S/aplus-media-library-service-media/65f11f86-1951-4a9b-b481-58fa7afaf86b.__CR0,0,970,600_PT0_SX970_V1___.jpg,https://images-na.ssl-images-amazon.com/images/G/01/x-locale/common/grey-pixel.gif,https://m.media-amazon.com/images/S/aplus-media/vc/d3515308-2343-4dad-9c50-bf3a6cd206e9.__CR0,0,300,300_PT0_SX300_V1___.jpg,https://images-na.ssl-images-amazon.com/images/G/01/x-locale/common/grey-pixel.gif,https://m.media-amazon.com/images/S/aplus-media-library-service-media/6039aebe-c446-4b37-b582-fecbd0b05cc9.__CR0,0,300,300_PT0_SX300_V1___.jpg,https://images-na.ssl-images-amazon.com/images/G/01/x-locale/common/grey-pixel.gif,https://m.media-amazon.com/images/S/aplus-media/vc/c8fac12f-1fde-4f8d-b8e1-43149c646d2a.__CR0,0,300,300_PT0_SX300_V1___.jpg,https://images-na.ssl-images-amazon.com/images/G/01/x-locale/common/grey-pixel.gif,https://m.media-amazon.com/images/S/aplus-media-library-service-media/1a277753-1921-4f60-b2a8-36a3a9fba3a9.__CR0,0,970,600_PT0_SX970_V1___.jpg",,,,,,,,,B0BRMYVF1X,,"ANTI BURST & SLOW DEFLATION - Our exercise ball is made with the fine structure which makes it deflate slowly and burst resistant if punctured, thus reducing the risks of injury due to falls to the ground and offering you the most caring protection. This anti burst gym ball, the ball will provide broad base while doing workouts & will easily absorb heavy body weights is well.,NON SLIP SURFACE - The Swiss ball is not picky at all when it comes to the practice venue - be it home, the gym or outdoors, the slip prevention will leave you feeling safe and your movements worry free. The non-slip lines provide grip when you are performing weighted exercises. Not to mention it’s one-thing-for-all - Pilates, Yoga, pregnancy gymnastics or various other low-impact exercises and the total body exercise ball workout.,MULTIPLE USE - From ab and stabilizing exercises and thoracic spine stretches to offering an ergonomic solution, an exercise ball is one of the most economical holistic wellness equipment. This exercise ball gym is usable in multiple exercise like pilates, yoga, stretching etc. Use this in workouts of shoulders, arms, hips, thighs. This pilates ball is useful in pregnancy gymnastics. This exercise ball for women will help you in developing overall body muscles.,STABLE & FIRM GRIP - High quality rubber material makes this birth ball non slip also when you hold the ball horizontal ribs will make sure ball should not slip from your hands. Easy to carry when you remove from it, all in all easy to handle. Its comfortable slip-resistant surface allows for easy balancing and stability.,EASY TO USE - This gym ball 55cm comes with foot pump which will save time & effort while inflate the ball ball for exercise.","Sports, Fitness & Outdoors,Exercise & Fitness,Strength Training Equipment,Weights & Accessories,Medicine Balls","https://m.media-amazon.com/images/I/41UIHmHXeCL.jpg,https://m.media-amazon.com/images/I/61lxLNwRh1L.jpg,https://m.media-amazon.com/images/I/51BtFONAu6L.jpg,https://m.media-amazon.com/images/I/515IjeLXFiL.jpg,https://m.media-amazon.com/images/I/51HMa36ppnL.jpg,https://m.media-amazon.com/images/I/515HQU9HqIL.jpg,https://m.media-amazon.com/images/I/51cYgBr3NLL.jpg",,705,"8,388 global ratings",4.2,"STRAUSS Rubber Anti-Burst Gym Ball, Round Shape, 55 cm, (Black)",https://www.amazon.in/STRAUSS-Anti-Burst-Stability-Pregnancy-Multicolor/dp/B0BRMYVF1X,,
"https://images-na.ssl-images-amazon.com/images/G/01/x-locale/common/grey-pixel.gif,https://m.media-amazon.com/images/S/aplus-media-library-service-media/136159b6-8ee6-46b7-a65c-066fb9e95d66.__CR0,0,1464,625_PT0_SX1464_V1___.jpg,https://images-na.ssl-images-amazon.com/images/G/01/x-locale/common/grey-pixel.gif,https://m.media-amazon.com/images/S/aplus-media-library-service-media/ecd6a987-26e4-4704-b60e-37590b5647d6.__CR0,0,315,145_PT0_SX315_V1___.jpg,https://images-na.ssl-images-amazon.com/images/G/01/x-locale/common/grey-pixel.gif,https://m.media-amazon.com/images/I/41RhziqhuLL.__AC_SR166,182___.jpg,https://images-na.ssl-images-amazon.com/images/G/01/x-locale/common/grey-pixel.gif,https://m.media-amazon.com/images/I/31O9rz3NKhL.__AC_SR166,182___.jpg,https://images-na.ssl-images-amazon.com/images/G/01/x-locale/common/grey-pixel.gif,https://m.media-amazon.com/images/I/41Xp8nNcoqL.__AC_SR166,182___.jpg,https://images-na.ssl-images-amazon.com/images/G/01/x-locale/common/grey-pixel.gif,https://m.media-amazon.com/images/I/41XMiGPfDiL.__AC_SR166,182___.jpg,https://images-na.ssl-images-amazon.com/images/G/01/x-locale/common/grey-pixel.gif,https://m.media-amazon.com/images/S/aplus-media-library-service-media/ba9e72e6-3b0c-40a3-b436-adf815e4ac5d.__CR0,0,362,453_PT0_SX362_V1___.jpg,https://images-na.ssl-images-amazon.com/images/G/01/x-locale/common/grey-pixel.gif,https://m.media-amazon.com/images/S/aplus-media-library-service-media/6290944e-4bad-4ad3-b6cf-5bbd886a0f27.__CR0,0,362,453_PT0_SX362_V1___.jpg,https://images-na.ssl-images-amazon.com/images/G/01/x-locale/common/grey-pixel.gif,https://m.media-amazon.com/images/S/aplus-media-library-service-media/061386de-622d-41e9-a296-bb1b20824a99.__CR0,0,970,600_PT0_SX970_V1___.jpg,https://images-na.ssl-images-amazon.com/images/G/01/x-locale/common/grey-pixel.gif,https://m.media-amazon.com/images/S/aplus-media-library-service-media/77ef2b1f-1393-4791-ba38-eb4f1eaf7f77.__CR0,0,970,600_PT0_SX970_V1___.jpg,https://images-na.ssl-images-amazon.com/images/G/01/x-locale/common/grey-pixel.gif,https://m.media-amazon.com/images/S/aplus-media-library-service-media/47f52f2a-25b8-4b17-8ba9-22999cb5e600.__CR0,0,300,300_PT0_SX300_V1___.jpg,https://images-na.ssl-images-amazon.com/images/G/01/x-locale/common/grey-pixel.gif,https://m.media-amazon.com/images/S/aplus-media-library-service-media/d3e5a5e7-4dd9-4569-911a-a77919cc63c1.__CR0,0,300,300_PT0_SX300_V1___.jpg,https://images-na.ssl-images-amazon.com/images/G/01/x-locale/common/grey-pixel.gif,https://m.media-amazon.com/images/S/aplus-media-library-service-media/6d7a672c-1c2d-4260-923e-e910c896aa3e.__CR0,0,300,300_PT0_SX300_V1___.jpg,https://images-na.ssl-images-amazon.com/images/G/01/x-locale/common/grey-pixel.gif,https://m.media-amazon.com/images/S/aplus-media-library-service-media/cdf56a6d-bc30-46ab-a856-2c85968a1a8c.__CR0,0,300,300_PT0_SX300_V1___.jpg,https://images-na.ssl-images-amazon.com/images/G/01/x-locale/common/grey-pixel.gif,https://m.media-amazon.com/images/S/aplus-media-library-service-media/07bdd3e3-5c44-4e59-8374-518724f04f2b.__CR0,0,300,300_PT0_SX300_V1___.jpg,https://images-na.ssl-images-amazon.com/images/G/01/x-locale/common/grey-pixel.gif,https://m.media-amazon.com/images/S/aplus-media-library-service-media/e4ee3ca8-7c25-402a-8bd5-b83a7668aef9.__CR0,0,300,300_PT0_SX300_V1___.jpg,https://images-na.ssl-images-amazon.com/images/G/01/x-locale/common/grey-pixel.gif,https://m.media-amazon.com/images/S/aplus-media-library-service-media/a2154a25-b055-4610-bfa6-105d1558dc6e.__CR0,0,970,600_PT0_SX970_V1___.jpg",,,,,,,,,B0BV1X7HJJ,,"IMPROVED FINGER STRENGTH: Strauss Hand grip strengthener is ideal for improving the strength and speed of fingers,EASY-ADJUSTABLE RESISTANCE: Easy to adjust the resistance from 10 kgs-40 kgs as needs. The hand Gripper is suitable for everyone, like Athletes, sports, fitness, musicians and people who want to exercise their hand, wrist and fingers.,INJURY REHABILITATION: Rehabilitate and relieve pain using the hand strengthener, for conditions such as: Arthritis, carpal tunnel syndrome, tendonitis, rheumatoid arthritis etc.,DURABLE & ERGONOMIC DESIGN: With Strauss hand grip , you could train your hand at any time. With high quality and soft materials and, our Hand Grip Strengthener will make your exercise more comfortable and safe.,IN-BOX CONTENTS: 1 pics Adjustable Hand Grip","Sports, Fitness & Outdoors,Exercise & Fitness,Strength Training Equipment,Strength Training Devices,Grip Strengtheners","https://m.media-amazon.com/images/I/41+lY8dxKfL.jpg,https://m.media-amazon.com/images/I/41Czte9zrkL.jpg,https://m.media-amazon.com/images/I/51BtFONAu6L.jpg,https://m.media-amazon.com/images/I/41Gh1UAwHjL.jpg,https://m.media-amazon.com/images/I/51fvT5RtDtL.jpg,https://m.media-amazon.com/images/I/51agaGAx1iL.jpg,https://m.media-amazon.com/images/I/51vZmEOo6HL.jpg",,209,"23,628 global ratings",4.3,"Strauss Adjustable Hand Grip Strengthener, (Black)",https://www.amazon.in/Strauss-Adjustable-Exerciser-Strengthener-Multicolor/dp/B0BV1X7HJJ,,
